<?xml version="1.0" encoding="UTF-8"?>
<point_cloud version="1.2.0">
  <params>
    <dataType>uint8</dataType>
    <bands>
      <band label="Red"/>
      <band label="Green"/>
      <band label="Blue"/>
    </bands>
  </params>
  <tracks path="tracks.ply" count="49206"/>
  <points path="points.ply" count="43318"/>
  <projections camera_id="0" path="p0.ply" count="3119"/>
  <projections camera_id="1" path="p1.ply" count="2377"/>
  <projections camera_id="2" path="p2.ply" count="4023"/>
  <projections camera_id="3" path="p3.ply" count="4110"/>
  <projections camera_id="4" path="p4.ply" count="4004"/>
  <projections camera_id="5" path="p5.ply" count="4360"/>
  <projections camera_id="6" path="p6.ply" count="4667"/>
  <projections camera_id="7" path="p7.ply" count="4207"/>
  <projections camera_id="8" path="p8.ply" count="4087"/>
  <projections camera_id="9" path="p9.ply" count="4063"/>
  <projections camera_id="10" path="p10.ply" count="2913"/>
  <projections camera_id="11" path="p11.ply" count="3991"/>
  <projections camera_id="12" path="p12.ply" count="3971"/>
  <projections camera_id="13" path="p13.ply" count="3575"/>
  <projections camera_id="14" path="p14.ply" count="1987"/>
  <projections camera_id="15" path="p15.ply" count="1352"/>
  <projections camera_id="16" path="p16.ply" count="1399"/>
  <projections camera_id="17" path="p17.ply" count="2207"/>
  <projections camera_id="18" path="p18.ply" count="410"/>
  <projections camera_id="19" path="p19.ply" count="829"/>
  <projections camera_id="20" path="p20.ply" count="1829"/>
  <projections camera_id="21" path="p21.ply" count="3640"/>
  <projections camera_id="22" path="p22.ply" count="4513"/>
  <projections camera_id="23" path="p23.ply" count="1907"/>
  <projections camera_id="24" path="p24.ply" count="134"/>
  <projections camera_id="25" path="p25.ply" count="148"/>
  <projections camera_id="26" path="p26.ply" count="246"/>
  <projections camera_id="27" path="p27.ply" count="1778"/>
  <projections camera_id="28" path="p28.ply" count="1665"/>
  <projections camera_id="29" path="p29.ply" count="1786"/>
  <projections camera_id="30" path="p30.ply" count="1063"/>
  <projections camera_id="31" path="p31.ply" count="1722"/>
  <projections camera_id="32" path="p32.ply" count="335"/>
  <projections camera_id="33" path="p33.ply" count="2755"/>
  <projections camera_id="34" path="p34.ply" count="4054"/>
  <projections camera_id="35" path="p35.ply" count="3881"/>
  <projections camera_id="36" path="p36.ply" count="4014"/>
  <projections camera_id="37" path="p37.ply" count="916"/>
  <projections camera_id="38" path="p38.ply" count="1447"/>
  <projections camera_id="39" path="p39.ply" count="4248"/>
  <projections camera_id="40" path="p40.ply" count="3282"/>
  <projections camera_id="41" path="p41.ply" count="3155"/>
  <projections camera_id="42" path="p42.ply" count="4008"/>
  <projections camera_id="43" path="p43.ply" count="3988"/>
  <projections camera_id="44" path="p44.ply" count="3957"/>
  <projections camera_id="45" path="p45.ply" count="3992"/>
  <projections camera_id="46" path="p46.ply" count="3965"/>
  <projections camera_id="47" path="p47.ply" count="3998"/>
  <meta>
    <property name="match/duration" value="142.658"/>
    <property name="match/match_downscale" value="1"/>
    <property name="match/match_point_limit" value="40000"/>
    <property name="match/match_preselection_generic" value="true"/>
    <property name="match/match_tiepoint_limit" value="4000"/>
  </meta>
</point_cloud>
