<?xml version="1.0" encoding="UTF-8"?>
<frame>
  <cameras>
    <camera camera_id="0">
      <photo path="../../../IMG_1066.JPG">
        <meta>
          <property name="Exif/ApertureValue" value="5"/>
          <property name="Exif/Artist" value=""/>
          <property name="Exif/DateTime" value="2018:03:04 15:35:38"/>
          <property name="Exif/DateTimeOriginal" value="2018:03:04 15:35:38"/>
          <property name="Exif/ExposureTime" value="0.01"/>
          <property name="Exif/FNumber" value="5.6"/>
          <property name="Exif/FocalLength" value="18"/>
          <property name="Exif/FocalPlaneXResolution" value="225.518771479532"/>
          <property name="Exif/FocalPlaneYResolution" value="228.67729769073"/>
          <property name="Exif/ISOSpeedRatings" value="100"/>
          <property name="Exif/Make" value="Canon"/>
          <property name="Exif/Model" value="Canon EOS REBEL T3i"/>
          <property name="Exif/Orientation" value="8"/>
          <property name="Exif/ShutterSpeedValue" value="6.625"/>
          <property name="File/ImageHeight" value="3456"/>
          <property name="File/ImageWidth" value="5184"/>
          <property name="System/FileModifyDate" value="2018:06:13 15:03:30"/>
          <property name="System/FileSize" value="13436036"/>
        </meta>
      </photo>
    </camera>
    <camera camera_id="1">
      <photo path="../../../IMG_1067.JPG">
        <meta>
          <property name="Exif/ApertureValue" value="5"/>
          <property name="Exif/Artist" value=""/>
          <property name="Exif/DateTime" value="2018:03:04 15:35:41"/>
          <property name="Exif/DateTimeOriginal" value="2018:03:04 15:35:41"/>
          <property name="Exif/ExposureTime" value="0.01"/>
          <property name="Exif/FNumber" value="5.6"/>
          <property name="Exif/FocalLength" value="18"/>
          <property name="Exif/FocalPlaneXResolution" value="225.518771479532"/>
          <property name="Exif/FocalPlaneYResolution" value="228.67729769073"/>
          <property name="Exif/ISOSpeedRatings" value="100"/>
          <property name="Exif/Make" value="Canon"/>
          <property name="Exif/Model" value="Canon EOS REBEL T3i"/>
          <property name="Exif/Orientation" value="8"/>
          <property name="Exif/ShutterSpeedValue" value="6.625"/>
          <property name="File/ImageHeight" value="3456"/>
          <property name="File/ImageWidth" value="5184"/>
          <property name="System/FileModifyDate" value="2018:06:13 15:03:23"/>
          <property name="System/FileSize" value="10474099"/>
        </meta>
      </photo>
    </camera>
    <camera camera_id="2">
      <photo path="../../../IMG_1068.JPG">
        <meta>
          <property name="Exif/ApertureValue" value="5"/>
          <property name="Exif/Artist" value=""/>
          <property name="Exif/DateTime" value="2018:03:04 15:35:43"/>
          <property name="Exif/DateTimeOriginal" value="2018:03:04 15:35:43"/>
          <property name="Exif/ExposureTime" value="0.01"/>
          <property name="Exif/FNumber" value="5.6"/>
          <property name="Exif/FocalLength" value="18"/>
          <property name="Exif/FocalPlaneXResolution" value="225.518771479532"/>
          <property name="Exif/FocalPlaneYResolution" value="228.67729769073"/>
          <property name="Exif/ISOSpeedRatings" value="100"/>
          <property name="Exif/Make" value="Canon"/>
          <property name="Exif/Model" value="Canon EOS REBEL T3i"/>
          <property name="Exif/Orientation" value="8"/>
          <property name="Exif/ShutterSpeedValue" value="6.625"/>
          <property name="File/ImageHeight" value="3456"/>
          <property name="File/ImageWidth" value="5184"/>
          <property name="System/FileModifyDate" value="2018:06:13 15:03:23"/>
          <property name="System/FileSize" value="11828033"/>
        </meta>
      </photo>
    </camera>
    <camera camera_id="3">
      <photo path="../../../IMG_1069.JPG">
        <meta>
          <property name="Exif/ApertureValue" value="5.375"/>
          <property name="Exif/Artist" value=""/>
          <property name="Exif/DateTime" value="2018:03:04 15:35:46"/>
          <property name="Exif/DateTimeOriginal" value="2018:03:04 15:35:46"/>
          <property name="Exif/ExposureTime" value="0.01"/>
          <property name="Exif/FNumber" value="6.3"/>
          <property name="Exif/FocalLength" value="18"/>
          <property name="Exif/FocalPlaneXResolution" value="225.518771479532"/>
          <property name="Exif/FocalPlaneYResolution" value="228.67729769073"/>
          <property name="Exif/ISOSpeedRatings" value="100"/>
          <property name="Exif/Make" value="Canon"/>
          <property name="Exif/Model" value="Canon EOS REBEL T3i"/>
          <property name="Exif/Orientation" value="8"/>
          <property name="Exif/ShutterSpeedValue" value="6.625"/>
          <property name="File/ImageHeight" value="3456"/>
          <property name="File/ImageWidth" value="5184"/>
          <property name="System/FileModifyDate" value="2018:06:13 15:03:24"/>
          <property name="System/FileSize" value="12675472"/>
        </meta>
      </photo>
    </camera>
    <camera camera_id="4">
      <photo path="../../../IMG_1070.JPG">
        <meta>
          <property name="Exif/ApertureValue" value="5.375"/>
          <property name="Exif/Artist" value=""/>
          <property name="Exif/DateTime" value="2018:03:04 15:35:49"/>
          <property name="Exif/DateTimeOriginal" value="2018:03:04 15:35:49"/>
          <property name="Exif/ExposureTime" value="0.01"/>
          <property name="Exif/FNumber" value="6.3"/>
          <property name="Exif/FocalLength" value="18"/>
          <property name="Exif/FocalPlaneXResolution" value="225.518771479532"/>
          <property name="Exif/FocalPlaneYResolution" value="228.67729769073"/>
          <property name="Exif/ISOSpeedRatings" value="100"/>
          <property name="Exif/Make" value="Canon"/>
          <property name="Exif/Model" value="Canon EOS REBEL T3i"/>
          <property name="Exif/Orientation" value="8"/>
          <property name="Exif/ShutterSpeedValue" value="6.625"/>
          <property name="File/ImageHeight" value="3456"/>
          <property name="File/ImageWidth" value="5184"/>
          <property name="System/FileModifyDate" value="2018:06:13 15:03:24"/>
          <property name="System/FileSize" value="13111102"/>
        </meta>
      </photo>
    </camera>
    <camera camera_id="5">
      <photo path="../../../IMG_1071.JPG">
        <meta>
          <property name="Exif/ApertureValue" value="5.625"/>
          <property name="Exif/Artist" value=""/>
          <property name="Exif/DateTime" value="2018:03:04 15:35:52"/>
          <property name="Exif/DateTimeOriginal" value="2018:03:04 15:35:52"/>
          <property name="Exif/ExposureTime" value="0.008"/>
          <property name="Exif/FNumber" value="7.1"/>
          <property name="Exif/FocalLength" value="18"/>
          <property name="Exif/FocalPlaneXResolution" value="225.518771479532"/>
          <property name="Exif/FocalPlaneYResolution" value="228.67729769073"/>
          <property name="Exif/ISOSpeedRatings" value="100"/>
          <property name="Exif/Make" value="Canon"/>
          <property name="Exif/Model" value="Canon EOS REBEL T3i"/>
          <property name="Exif/Orientation" value="8"/>
          <property name="Exif/ShutterSpeedValue" value="7"/>
          <property name="File/ImageHeight" value="3456"/>
          <property name="File/ImageWidth" value="5184"/>
          <property name="System/FileModifyDate" value="2018:06:13 15:03:24"/>
          <property name="System/FileSize" value="11360699"/>
        </meta>
      </photo>
    </camera>
    <camera camera_id="6">
      <photo path="../../../IMG_1072.JPG">
        <meta>
          <property name="Exif/ApertureValue" value="5.625"/>
          <property name="Exif/Artist" value=""/>
          <property name="Exif/DateTime" value="2018:03:04 15:35:56"/>
          <property name="Exif/DateTimeOriginal" value="2018:03:04 15:35:56"/>
          <property name="Exif/ExposureTime" value="0.00625"/>
          <property name="Exif/FNumber" value="7.1"/>
          <property name="Exif/FocalLength" value="18"/>
          <property name="Exif/FocalPlaneXResolution" value="225.518771479532"/>
          <property name="Exif/FocalPlaneYResolution" value="228.67729769073"/>
          <property name="Exif/ISOSpeedRatings" value="100"/>
          <property name="Exif/Make" value="Canon"/>
          <property name="Exif/Model" value="Canon EOS REBEL T3i"/>
          <property name="Exif/Orientation" value="8"/>
          <property name="Exif/ShutterSpeedValue" value="7.375"/>
          <property name="File/ImageHeight" value="3456"/>
          <property name="File/ImageWidth" value="5184"/>
          <property name="System/FileModifyDate" value="2018:06:13 15:03:24"/>
          <property name="System/FileSize" value="11757455"/>
        </meta>
      </photo>
    </camera>
    <camera camera_id="7">
      <photo path="../../../IMG_1073.JPG">
        <meta>
          <property name="Exif/ApertureValue" value="6"/>
          <property name="Exif/Artist" value=""/>
          <property name="Exif/DateTime" value="2018:03:04 15:36:00"/>
          <property name="Exif/DateTimeOriginal" value="2018:03:04 15:36:00"/>
          <property name="Exif/ExposureTime" value="0.00625"/>
          <property name="Exif/FNumber" value="8"/>
          <property name="Exif/FocalLength" value="18"/>
          <property name="Exif/FocalPlaneXResolution" value="225.518771479532"/>
          <property name="Exif/FocalPlaneYResolution" value="228.67729769073"/>
          <property name="Exif/ISOSpeedRatings" value="100"/>
          <property name="Exif/Make" value="Canon"/>
          <property name="Exif/Model" value="Canon EOS REBEL T3i"/>
          <property name="Exif/Orientation" value="8"/>
          <property name="Exif/ShutterSpeedValue" value="7.375"/>
          <property name="File/ImageHeight" value="3456"/>
          <property name="File/ImageWidth" value="5184"/>
          <property name="System/FileModifyDate" value="2018:06:13 15:03:24"/>
          <property name="System/FileSize" value="12613861"/>
        </meta>
      </photo>
    </camera>
    <camera camera_id="8">
      <photo path="../../../IMG_1074.JPG">
        <meta>
          <property name="Exif/ApertureValue" value="6"/>
          <property name="Exif/Artist" value=""/>
          <property name="Exif/DateTime" value="2018:03:04 15:36:03"/>
          <property name="Exif/DateTimeOriginal" value="2018:03:04 15:36:03"/>
          <property name="Exif/ExposureTime" value="0.00625"/>
          <property name="Exif/FNumber" value="8"/>
          <property name="Exif/FocalLength" value="18"/>
          <property name="Exif/FocalPlaneXResolution" value="225.518771479532"/>
          <property name="Exif/FocalPlaneYResolution" value="228.67729769073"/>
          <property name="Exif/ISOSpeedRatings" value="100"/>
          <property name="Exif/Make" value="Canon"/>
          <property name="Exif/Model" value="Canon EOS REBEL T3i"/>
          <property name="Exif/Orientation" value="8"/>
          <property name="Exif/ShutterSpeedValue" value="7.375"/>
          <property name="File/ImageHeight" value="3456"/>
          <property name="File/ImageWidth" value="5184"/>
          <property name="System/FileModifyDate" value="2018:06:13 15:03:24"/>
          <property name="System/FileSize" value="11979263"/>
        </meta>
      </photo>
    </camera>
    <camera camera_id="9">
      <photo path="../../../IMG_1075.JPG">
        <meta>
          <property name="Exif/ApertureValue" value="6"/>
          <property name="Exif/Artist" value=""/>
          <property name="Exif/DateTime" value="2018:03:04 15:36:07"/>
          <property name="Exif/DateTimeOriginal" value="2018:03:04 15:36:07"/>
          <property name="Exif/ExposureTime" value="0.005"/>
          <property name="Exif/FNumber" value="8"/>
          <property name="Exif/FocalLength" value="18"/>
          <property name="Exif/FocalPlaneXResolution" value="225.518771479532"/>
          <property name="Exif/FocalPlaneYResolution" value="228.67729769073"/>
          <property name="Exif/ISOSpeedRatings" value="100"/>
          <property name="Exif/Make" value="Canon"/>
          <property name="Exif/Model" value="Canon EOS REBEL T3i"/>
          <property name="Exif/Orientation" value="8"/>
          <property name="Exif/ShutterSpeedValue" value="7.625"/>
          <property name="File/ImageHeight" value="3456"/>
          <property name="File/ImageWidth" value="5184"/>
          <property name="System/FileModifyDate" value="2018:06:13 15:03:24"/>
          <property name="System/FileSize" value="11882249"/>
        </meta>
      </photo>
    </camera>
    <camera camera_id="10">
      <photo path="../../../IMG_1076.JPG">
        <meta>
          <property name="Exif/ApertureValue" value="6"/>
          <property name="Exif/Artist" value=""/>
          <property name="Exif/DateTime" value="2018:03:04 15:36:11"/>
          <property name="Exif/DateTimeOriginal" value="2018:03:04 15:36:11"/>
          <property name="Exif/ExposureTime" value="0.005"/>
          <property name="Exif/FNumber" value="8"/>
          <property name="Exif/FocalLength" value="18"/>
          <property name="Exif/FocalPlaneXResolution" value="225.518771479532"/>
          <property name="Exif/FocalPlaneYResolution" value="228.67729769073"/>
          <property name="Exif/ISOSpeedRatings" value="100"/>
          <property name="Exif/Make" value="Canon"/>
          <property name="Exif/Model" value="Canon EOS REBEL T3i"/>
          <property name="Exif/Orientation" value="8"/>
          <property name="Exif/ShutterSpeedValue" value="7.625"/>
          <property name="File/ImageHeight" value="3456"/>
          <property name="File/ImageWidth" value="5184"/>
          <property name="System/FileModifyDate" value="2018:06:13 15:03:25"/>
          <property name="System/FileSize" value="11292927"/>
        </meta>
      </photo>
    </camera>
    <camera camera_id="11">
      <photo path="../../../IMG_1077.JPG">
        <meta>
          <property name="Exif/ApertureValue" value="6"/>
          <property name="Exif/Artist" value=""/>
          <property name="Exif/DateTime" value="2018:03:04 15:36:15"/>
          <property name="Exif/DateTimeOriginal" value="2018:03:04 15:36:15"/>
          <property name="Exif/ExposureTime" value="0.00625"/>
          <property name="Exif/FNumber" value="8"/>
          <property name="Exif/FocalLength" value="18"/>
          <property name="Exif/FocalPlaneXResolution" value="225.518771479532"/>
          <property name="Exif/FocalPlaneYResolution" value="228.67729769073"/>
          <property name="Exif/ISOSpeedRatings" value="100"/>
          <property name="Exif/Make" value="Canon"/>
          <property name="Exif/Model" value="Canon EOS REBEL T3i"/>
          <property name="Exif/Orientation" value="8"/>
          <property name="Exif/ShutterSpeedValue" value="7.375"/>
          <property name="File/ImageHeight" value="3456"/>
          <property name="File/ImageWidth" value="5184"/>
          <property name="System/FileModifyDate" value="2018:06:13 15:03:25"/>
          <property name="System/FileSize" value="12042004"/>
        </meta>
      </photo>
    </camera>
    <camera camera_id="12">
      <photo path="../../../IMG_1078.JPG">
        <meta>
          <property name="Exif/ApertureValue" value="6"/>
          <property name="Exif/Artist" value=""/>
          <property name="Exif/DateTime" value="2018:03:04 15:36:26"/>
          <property name="Exif/DateTimeOriginal" value="2018:03:04 15:36:26"/>
          <property name="Exif/ExposureTime" value="0.005"/>
          <property name="Exif/FNumber" value="8"/>
          <property name="Exif/FocalLength" value="18"/>
          <property name="Exif/FocalPlaneXResolution" value="225.518771479532"/>
          <property name="Exif/FocalPlaneYResolution" value="228.67729769073"/>
          <property name="Exif/ISOSpeedRatings" value="100"/>
          <property name="Exif/Make" value="Canon"/>
          <property name="Exif/Model" value="Canon EOS REBEL T3i"/>
          <property name="Exif/Orientation" value="1"/>
          <property name="Exif/ShutterSpeedValue" value="7.625"/>
          <property name="File/ImageHeight" value="3456"/>
          <property name="File/ImageWidth" value="5184"/>
          <property name="System/FileModifyDate" value="2018:06:13 15:03:25"/>
          <property name="System/FileSize" value="8958132"/>
        </meta>
      </photo>
    </camera>
    <camera camera_id="13">
      <photo path="../../../IMG_1079.JPG">
        <meta>
          <property name="Exif/ApertureValue" value="6"/>
          <property name="Exif/Artist" value=""/>
          <property name="Exif/DateTime" value="2018:03:04 15:36:30"/>
          <property name="Exif/DateTimeOriginal" value="2018:03:04 15:36:30"/>
          <property name="Exif/ExposureTime" value="0.005"/>
          <property name="Exif/FNumber" value="8"/>
          <property name="Exif/FocalLength" value="18"/>
          <property name="Exif/FocalPlaneXResolution" value="225.518771479532"/>
          <property name="Exif/FocalPlaneYResolution" value="228.67729769073"/>
          <property name="Exif/ISOSpeedRatings" value="100"/>
          <property name="Exif/Make" value="Canon"/>
          <property name="Exif/Model" value="Canon EOS REBEL T3i"/>
          <property name="Exif/Orientation" value="1"/>
          <property name="Exif/ShutterSpeedValue" value="7.625"/>
          <property name="File/ImageHeight" value="3456"/>
          <property name="File/ImageWidth" value="5184"/>
          <property name="System/FileModifyDate" value="2018:06:13 15:03:25"/>
          <property name="System/FileSize" value="10782426"/>
        </meta>
      </photo>
    </camera>
    <camera camera_id="14">
      <photo path="../../../IMG_1080.JPG">
        <meta>
          <property name="Exif/ApertureValue" value="5.625"/>
          <property name="Exif/Artist" value=""/>
          <property name="Exif/DateTime" value="2018:03:04 15:36:33"/>
          <property name="Exif/DateTimeOriginal" value="2018:03:04 15:36:33"/>
          <property name="Exif/ExposureTime" value="0.008"/>
          <property name="Exif/FNumber" value="7.1"/>
          <property name="Exif/FocalLength" value="18"/>
          <property name="Exif/FocalPlaneXResolution" value="225.518771479532"/>
          <property name="Exif/FocalPlaneYResolution" value="228.67729769073"/>
          <property name="Exif/ISOSpeedRatings" value="100"/>
          <property name="Exif/Make" value="Canon"/>
          <property name="Exif/Model" value="Canon EOS REBEL T3i"/>
          <property name="Exif/Orientation" value="1"/>
          <property name="Exif/ShutterSpeedValue" value="7"/>
          <property name="File/ImageHeight" value="3456"/>
          <property name="File/ImageWidth" value="5184"/>
          <property name="System/FileModifyDate" value="2018:06:13 15:03:25"/>
          <property name="System/FileSize" value="9868797"/>
        </meta>
      </photo>
    </camera>
    <camera camera_id="15">
      <photo path="../../../IMG_1081.JPG">
        <meta>
          <property name="Exif/ApertureValue" value="5.625"/>
          <property name="Exif/Artist" value=""/>
          <property name="Exif/DateTime" value="2018:03:04 15:36:37"/>
          <property name="Exif/DateTimeOriginal" value="2018:03:04 15:36:37"/>
          <property name="Exif/ExposureTime" value="0.008"/>
          <property name="Exif/FNumber" value="7.1"/>
          <property name="Exif/FocalLength" value="18"/>
          <property name="Exif/FocalPlaneXResolution" value="225.518771479532"/>
          <property name="Exif/FocalPlaneYResolution" value="228.67729769073"/>
          <property name="Exif/ISOSpeedRatings" value="100"/>
          <property name="Exif/Make" value="Canon"/>
          <property name="Exif/Model" value="Canon EOS REBEL T3i"/>
          <property name="Exif/Orientation" value="1"/>
          <property name="Exif/ShutterSpeedValue" value="7"/>
          <property name="File/ImageHeight" value="3456"/>
          <property name="File/ImageWidth" value="5184"/>
          <property name="System/FileModifyDate" value="2018:06:13 15:03:25"/>
          <property name="System/FileSize" value="11486636"/>
        </meta>
      </photo>
    </camera>
    <camera camera_id="16">
      <photo path="../../../IMG_1082.JPG">
        <meta>
          <property name="Exif/ApertureValue" value="5.625"/>
          <property name="Exif/Artist" value=""/>
          <property name="Exif/DateTime" value="2018:03:04 15:36:39"/>
          <property name="Exif/DateTimeOriginal" value="2018:03:04 15:36:39"/>
          <property name="Exif/ExposureTime" value="0.008"/>
          <property name="Exif/FNumber" value="7.1"/>
          <property name="Exif/FocalLength" value="18"/>
          <property name="Exif/FocalPlaneXResolution" value="225.518771479532"/>
          <property name="Exif/FocalPlaneYResolution" value="228.67729769073"/>
          <property name="Exif/ISOSpeedRatings" value="100"/>
          <property name="Exif/Make" value="Canon"/>
          <property name="Exif/Model" value="Canon EOS REBEL T3i"/>
          <property name="Exif/Orientation" value="1"/>
          <property name="Exif/ShutterSpeedValue" value="7"/>
          <property name="File/ImageHeight" value="3456"/>
          <property name="File/ImageWidth" value="5184"/>
          <property name="System/FileModifyDate" value="2018:06:13 15:03:25"/>
          <property name="System/FileSize" value="12018748"/>
        </meta>
      </photo>
    </camera>
    <camera camera_id="17">
      <photo path="../../../IMG_1083.JPG">
        <meta>
          <property name="Exif/ApertureValue" value="5.375"/>
          <property name="Exif/Artist" value=""/>
          <property name="Exif/DateTime" value="2018:03:04 15:36:42"/>
          <property name="Exif/DateTimeOriginal" value="2018:03:04 15:36:42"/>
          <property name="Exif/ExposureTime" value="0.01"/>
          <property name="Exif/FNumber" value="6.3"/>
          <property name="Exif/FocalLength" value="18"/>
          <property name="Exif/FocalPlaneXResolution" value="225.518771479532"/>
          <property name="Exif/FocalPlaneYResolution" value="228.67729769073"/>
          <property name="Exif/ISOSpeedRatings" value="100"/>
          <property name="Exif/Make" value="Canon"/>
          <property name="Exif/Model" value="Canon EOS REBEL T3i"/>
          <property name="Exif/Orientation" value="1"/>
          <property name="Exif/ShutterSpeedValue" value="6.625"/>
          <property name="File/ImageHeight" value="3456"/>
          <property name="File/ImageWidth" value="5184"/>
          <property name="System/FileModifyDate" value="2018:06:13 15:03:25"/>
          <property name="System/FileSize" value="9065222"/>
        </meta>
      </photo>
    </camera>
    <camera camera_id="18">
      <photo path="../../../IMG_1084.JPG">
        <meta>
          <property name="Exif/ApertureValue" value="5.625"/>
          <property name="Exif/Artist" value=""/>
          <property name="Exif/DateTime" value="2018:03:04 15:36:46"/>
          <property name="Exif/DateTimeOriginal" value="2018:03:04 15:36:46"/>
          <property name="Exif/ExposureTime" value="0.008"/>
          <property name="Exif/FNumber" value="7.1"/>
          <property name="Exif/FocalLength" value="18"/>
          <property name="Exif/FocalPlaneXResolution" value="225.518771479532"/>
          <property name="Exif/FocalPlaneYResolution" value="228.67729769073"/>
          <property name="Exif/ISOSpeedRatings" value="100"/>
          <property name="Exif/Make" value="Canon"/>
          <property name="Exif/Model" value="Canon EOS REBEL T3i"/>
          <property name="Exif/Orientation" value="1"/>
          <property name="Exif/ShutterSpeedValue" value="7"/>
          <property name="File/ImageHeight" value="3456"/>
          <property name="File/ImageWidth" value="5184"/>
          <property name="System/FileModifyDate" value="2018:06:13 15:03:26"/>
          <property name="System/FileSize" value="13412540"/>
        </meta>
      </photo>
    </camera>
    <camera camera_id="19">
      <photo path="../../../IMG_1085.JPG">
        <meta>
          <property name="Exif/ApertureValue" value="6"/>
          <property name="Exif/Artist" value=""/>
          <property name="Exif/DateTime" value="2018:03:04 15:36:49"/>
          <property name="Exif/DateTimeOriginal" value="2018:03:04 15:36:49"/>
          <property name="Exif/ExposureTime" value="0.005"/>
          <property name="Exif/FNumber" value="8"/>
          <property name="Exif/FocalLength" value="18"/>
          <property name="Exif/FocalPlaneXResolution" value="225.518771479532"/>
          <property name="Exif/FocalPlaneYResolution" value="228.67729769073"/>
          <property name="Exif/ISOSpeedRatings" value="100"/>
          <property name="Exif/Make" value="Canon"/>
          <property name="Exif/Model" value="Canon EOS REBEL T3i"/>
          <property name="Exif/Orientation" value="1"/>
          <property name="Exif/ShutterSpeedValue" value="7.625"/>
          <property name="File/ImageHeight" value="3456"/>
          <property name="File/ImageWidth" value="5184"/>
          <property name="System/FileModifyDate" value="2018:06:13 15:03:26"/>
          <property name="System/FileSize" value="9560258"/>
        </meta>
      </photo>
    </camera>
    <camera camera_id="20">
      <photo path="../../../IMG_1086.JPG">
        <meta>
          <property name="Exif/ApertureValue" value="6"/>
          <property name="Exif/Artist" value=""/>
          <property name="Exif/DateTime" value="2018:03:04 15:36:53"/>
          <property name="Exif/DateTimeOriginal" value="2018:03:04 15:36:53"/>
          <property name="Exif/ExposureTime" value="0.005"/>
          <property name="Exif/FNumber" value="8"/>
          <property name="Exif/FocalLength" value="18"/>
          <property name="Exif/FocalPlaneXResolution" value="225.518771479532"/>
          <property name="Exif/FocalPlaneYResolution" value="228.67729769073"/>
          <property name="Exif/ISOSpeedRatings" value="100"/>
          <property name="Exif/Make" value="Canon"/>
          <property name="Exif/Model" value="Canon EOS REBEL T3i"/>
          <property name="Exif/Orientation" value="1"/>
          <property name="Exif/ShutterSpeedValue" value="7.625"/>
          <property name="File/ImageHeight" value="3456"/>
          <property name="File/ImageWidth" value="5184"/>
          <property name="System/FileModifyDate" value="2018:06:13 15:03:26"/>
          <property name="System/FileSize" value="10059377"/>
        </meta>
      </photo>
    </camera>
    <camera camera_id="21">
      <photo path="../../../IMG_1087.JPG">
        <meta>
          <property name="Exif/ApertureValue" value="6.375"/>
          <property name="Exif/Artist" value=""/>
          <property name="Exif/DateTime" value="2018:03:04 15:36:58"/>
          <property name="Exif/DateTimeOriginal" value="2018:03:04 15:36:58"/>
          <property name="Exif/ExposureTime" value="0.005"/>
          <property name="Exif/FNumber" value="9"/>
          <property name="Exif/FocalLength" value="18"/>
          <property name="Exif/FocalPlaneXResolution" value="225.518771479532"/>
          <property name="Exif/FocalPlaneYResolution" value="228.67729769073"/>
          <property name="Exif/ISOSpeedRatings" value="100"/>
          <property name="Exif/Make" value="Canon"/>
          <property name="Exif/Model" value="Canon EOS REBEL T3i"/>
          <property name="Exif/Orientation" value="1"/>
          <property name="Exif/ShutterSpeedValue" value="7.625"/>
          <property name="File/ImageHeight" value="3456"/>
          <property name="File/ImageWidth" value="5184"/>
          <property name="System/FileModifyDate" value="2018:06:13 15:03:26"/>
          <property name="System/FileSize" value="12455247"/>
        </meta>
      </photo>
    </camera>
    <camera camera_id="22">
      <photo path="../../../IMG_1088.JPG">
        <meta>
          <property name="Exif/ApertureValue" value="6"/>
          <property name="Exif/Artist" value=""/>
          <property name="Exif/DateTime" value="2018:03:04 15:37:01"/>
          <property name="Exif/DateTimeOriginal" value="2018:03:04 15:37:01"/>
          <property name="Exif/ExposureTime" value="0.00625"/>
          <property name="Exif/FNumber" value="8"/>
          <property name="Exif/FocalLength" value="18"/>
          <property name="Exif/FocalPlaneXResolution" value="225.518771479532"/>
          <property name="Exif/FocalPlaneYResolution" value="228.67729769073"/>
          <property name="Exif/ISOSpeedRatings" value="100"/>
          <property name="Exif/Make" value="Canon"/>
          <property name="Exif/Model" value="Canon EOS REBEL T3i"/>
          <property name="Exif/Orientation" value="1"/>
          <property name="Exif/ShutterSpeedValue" value="7.375"/>
          <property name="File/ImageHeight" value="3456"/>
          <property name="File/ImageWidth" value="5184"/>
          <property name="System/FileModifyDate" value="2018:06:13 15:03:26"/>
          <property name="System/FileSize" value="12582218"/>
        </meta>
      </photo>
    </camera>
    <camera camera_id="23">
      <photo path="../../../IMG_1089.JPG">
        <meta>
          <property name="Exif/ApertureValue" value="5.625"/>
          <property name="Exif/Artist" value=""/>
          <property name="Exif/DateTime" value="2018:03:04 15:37:10"/>
          <property name="Exif/DateTimeOriginal" value="2018:03:04 15:37:10"/>
          <property name="Exif/ExposureTime" value="0.008"/>
          <property name="Exif/FNumber" value="7.1"/>
          <property name="Exif/FocalLength" value="18"/>
          <property name="Exif/FocalPlaneXResolution" value="225.518771479532"/>
          <property name="Exif/FocalPlaneYResolution" value="228.67729769073"/>
          <property name="Exif/ISOSpeedRatings" value="100"/>
          <property name="Exif/Make" value="Canon"/>
          <property name="Exif/Model" value="Canon EOS REBEL T3i"/>
          <property name="Exif/Orientation" value="1"/>
          <property name="Exif/ShutterSpeedValue" value="7"/>
          <property name="File/ImageHeight" value="3456"/>
          <property name="File/ImageWidth" value="5184"/>
          <property name="System/FileModifyDate" value="2018:06:13 15:03:26"/>
          <property name="System/FileSize" value="11916729"/>
        </meta>
      </photo>
    </camera>
    <camera camera_id="24">
      <photo path="../../../IMG_1090.JPG">
        <meta>
          <property name="Exif/ApertureValue" value="6"/>
          <property name="Exif/Artist" value=""/>
          <property name="Exif/DateTime" value="2018:03:04 15:37:17"/>
          <property name="Exif/DateTimeOriginal" value="2018:03:04 15:37:17"/>
          <property name="Exif/ExposureTime" value="0.00625"/>
          <property name="Exif/FNumber" value="8"/>
          <property name="Exif/FocalLength" value="18"/>
          <property name="Exif/FocalPlaneXResolution" value="225.518771479532"/>
          <property name="Exif/FocalPlaneYResolution" value="228.67729769073"/>
          <property name="Exif/ISOSpeedRatings" value="100"/>
          <property name="Exif/Make" value="Canon"/>
          <property name="Exif/Model" value="Canon EOS REBEL T3i"/>
          <property name="Exif/Orientation" value="1"/>
          <property name="Exif/ShutterSpeedValue" value="7.375"/>
          <property name="File/ImageHeight" value="3456"/>
          <property name="File/ImageWidth" value="5184"/>
          <property name="System/FileModifyDate" value="2018:06:13 15:03:26"/>
          <property name="System/FileSize" value="11559975"/>
        </meta>
      </photo>
    </camera>
    <camera camera_id="25">
      <photo path="../../../IMG_1091.JPG">
        <meta>
          <property name="Exif/ApertureValue" value="5.625"/>
          <property name="Exif/Artist" value=""/>
          <property name="Exif/DateTime" value="2018:03:04 15:37:22"/>
          <property name="Exif/DateTimeOriginal" value="2018:03:04 15:37:22"/>
          <property name="Exif/ExposureTime" value="0.008"/>
          <property name="Exif/FNumber" value="7.1"/>
          <property name="Exif/FocalLength" value="18"/>
          <property name="Exif/FocalPlaneXResolution" value="225.518771479532"/>
          <property name="Exif/FocalPlaneYResolution" value="228.67729769073"/>
          <property name="Exif/ISOSpeedRatings" value="100"/>
          <property name="Exif/Make" value="Canon"/>
          <property name="Exif/Model" value="Canon EOS REBEL T3i"/>
          <property name="Exif/Orientation" value="1"/>
          <property name="Exif/ShutterSpeedValue" value="7"/>
          <property name="File/ImageHeight" value="3456"/>
          <property name="File/ImageWidth" value="5184"/>
          <property name="System/FileModifyDate" value="2018:06:13 15:03:27"/>
          <property name="System/FileSize" value="11343236"/>
        </meta>
      </photo>
    </camera>
    <camera camera_id="26">
      <photo path="../../../IMG_1092.JPG">
        <meta>
          <property name="Exif/ApertureValue" value="5.375"/>
          <property name="Exif/Artist" value=""/>
          <property name="Exif/DateTime" value="2018:03:04 15:37:28"/>
          <property name="Exif/DateTimeOriginal" value="2018:03:04 15:37:28"/>
          <property name="Exif/ExposureTime" value="0.01"/>
          <property name="Exif/FNumber" value="6.3"/>
          <property name="Exif/FocalLength" value="18"/>
          <property name="Exif/FocalPlaneXResolution" value="225.518771479532"/>
          <property name="Exif/FocalPlaneYResolution" value="228.67729769073"/>
          <property name="Exif/ISOSpeedRatings" value="100"/>
          <property name="Exif/Make" value="Canon"/>
          <property name="Exif/Model" value="Canon EOS REBEL T3i"/>
          <property name="Exif/Orientation" value="1"/>
          <property name="Exif/ShutterSpeedValue" value="6.625"/>
          <property name="File/ImageHeight" value="3456"/>
          <property name="File/ImageWidth" value="5184"/>
          <property name="System/FileModifyDate" value="2018:06:13 15:03:27"/>
          <property name="System/FileSize" value="13682346"/>
        </meta>
      </photo>
    </camera>
    <camera camera_id="27">
      <photo path="../../../IMG_1093.JPG">
        <meta>
          <property name="Exif/ApertureValue" value="5.375"/>
          <property name="Exif/Artist" value=""/>
          <property name="Exif/DateTime" value="2018:03:04 15:37:34"/>
          <property name="Exif/DateTimeOriginal" value="2018:03:04 15:37:34"/>
          <property name="Exif/ExposureTime" value="0.01"/>
          <property name="Exif/FNumber" value="6.3"/>
          <property name="Exif/FocalLength" value="18"/>
          <property name="Exif/FocalPlaneXResolution" value="225.518771479532"/>
          <property name="Exif/FocalPlaneYResolution" value="228.67729769073"/>
          <property name="Exif/ISOSpeedRatings" value="100"/>
          <property name="Exif/Make" value="Canon"/>
          <property name="Exif/Model" value="Canon EOS REBEL T3i"/>
          <property name="Exif/Orientation" value="1"/>
          <property name="Exif/ShutterSpeedValue" value="6.625"/>
          <property name="File/ImageHeight" value="3456"/>
          <property name="File/ImageWidth" value="5184"/>
          <property name="System/FileModifyDate" value="2018:06:13 15:03:27"/>
          <property name="System/FileSize" value="11008619"/>
        </meta>
      </photo>
    </camera>
    <camera camera_id="28">
      <photo path="../../../IMG_1094.JPG">
        <meta>
          <property name="Exif/ApertureValue" value="5"/>
          <property name="Exif/Artist" value=""/>
          <property name="Exif/DateTime" value="2018:03:04 15:37:39"/>
          <property name="Exif/DateTimeOriginal" value="2018:03:04 15:37:39"/>
          <property name="Exif/ExposureTime" value="0.01"/>
          <property name="Exif/FNumber" value="5.6"/>
          <property name="Exif/FocalLength" value="18"/>
          <property name="Exif/FocalPlaneXResolution" value="225.518771479532"/>
          <property name="Exif/FocalPlaneYResolution" value="228.67729769073"/>
          <property name="Exif/ISOSpeedRatings" value="100"/>
          <property name="Exif/Make" value="Canon"/>
          <property name="Exif/Model" value="Canon EOS REBEL T3i"/>
          <property name="Exif/Orientation" value="1"/>
          <property name="Exif/ShutterSpeedValue" value="6.625"/>
          <property name="File/ImageHeight" value="3456"/>
          <property name="File/ImageWidth" value="5184"/>
          <property name="System/FileModifyDate" value="2018:06:13 15:03:27"/>
          <property name="System/FileSize" value="12869015"/>
        </meta>
      </photo>
    </camera>
    <camera camera_id="29">
      <photo path="../../../IMG_1095.JPG">
        <meta>
          <property name="Exif/ApertureValue" value="5"/>
          <property name="Exif/Artist" value=""/>
          <property name="Exif/DateTime" value="2018:03:04 15:37:45"/>
          <property name="Exif/DateTimeOriginal" value="2018:03:04 15:37:45"/>
          <property name="Exif/ExposureTime" value="0.01"/>
          <property name="Exif/FNumber" value="5.6"/>
          <property name="Exif/FocalLength" value="18"/>
          <property name="Exif/FocalPlaneXResolution" value="225.518771479532"/>
          <property name="Exif/FocalPlaneYResolution" value="228.67729769073"/>
          <property name="Exif/ISOSpeedRatings" value="100"/>
          <property name="Exif/Make" value="Canon"/>
          <property name="Exif/Model" value="Canon EOS REBEL T3i"/>
          <property name="Exif/Orientation" value="1"/>
          <property name="Exif/ShutterSpeedValue" value="6.625"/>
          <property name="File/ImageHeight" value="3456"/>
          <property name="File/ImageWidth" value="5184"/>
          <property name="System/FileModifyDate" value="2018:06:13 15:03:27"/>
          <property name="System/FileSize" value="11228919"/>
        </meta>
      </photo>
    </camera>
    <camera camera_id="30">
      <photo path="../../../IMG_1096.JPG">
        <meta>
          <property name="Exif/ApertureValue" value="5.375"/>
          <property name="Exif/Artist" value=""/>
          <property name="Exif/DateTime" value="2018:03:04 15:37:51"/>
          <property name="Exif/DateTimeOriginal" value="2018:03:04 15:37:51"/>
          <property name="Exif/ExposureTime" value="0.01"/>
          <property name="Exif/FNumber" value="6.3"/>
          <property name="Exif/FocalLength" value="18"/>
          <property name="Exif/FocalPlaneXResolution" value="225.518771479532"/>
          <property name="Exif/FocalPlaneYResolution" value="228.67729769073"/>
          <property name="Exif/ISOSpeedRatings" value="100"/>
          <property name="Exif/Make" value="Canon"/>
          <property name="Exif/Model" value="Canon EOS REBEL T3i"/>
          <property name="Exif/Orientation" value="1"/>
          <property name="Exif/ShutterSpeedValue" value="6.625"/>
          <property name="File/ImageHeight" value="3456"/>
          <property name="File/ImageWidth" value="5184"/>
          <property name="System/FileModifyDate" value="2018:06:13 15:03:27"/>
          <property name="System/FileSize" value="13245185"/>
        </meta>
      </photo>
    </camera>
    <camera camera_id="31">
      <photo path="../../../IMG_1097.JPG">
        <meta>
          <property name="Exif/ApertureValue" value="5.375"/>
          <property name="Exif/Artist" value=""/>
          <property name="Exif/DateTime" value="2018:03:04 15:37:59"/>
          <property name="Exif/DateTimeOriginal" value="2018:03:04 15:37:59"/>
          <property name="Exif/ExposureTime" value="0.008"/>
          <property name="Exif/FNumber" value="6.3"/>
          <property name="Exif/FocalLength" value="18"/>
          <property name="Exif/FocalPlaneXResolution" value="225.518771479532"/>
          <property name="Exif/FocalPlaneYResolution" value="228.67729769073"/>
          <property name="Exif/ISOSpeedRatings" value="100"/>
          <property name="Exif/Make" value="Canon"/>
          <property name="Exif/Model" value="Canon EOS REBEL T3i"/>
          <property name="Exif/Orientation" value="1"/>
          <property name="Exif/ShutterSpeedValue" value="7"/>
          <property name="File/ImageHeight" value="3456"/>
          <property name="File/ImageWidth" value="5184"/>
          <property name="System/FileModifyDate" value="2018:06:13 15:03:27"/>
          <property name="System/FileSize" value="12231669"/>
        </meta>
      </photo>
    </camera>
    <camera camera_id="32">
      <photo path="../../../IMG_1098.JPG">
        <meta>
          <property name="Exif/ApertureValue" value="5.625"/>
          <property name="Exif/Artist" value=""/>
          <property name="Exif/DateTime" value="2018:03:04 15:38:05"/>
          <property name="Exif/DateTimeOriginal" value="2018:03:04 15:38:05"/>
          <property name="Exif/ExposureTime" value="0.008"/>
          <property name="Exif/FNumber" value="7.1"/>
          <property name="Exif/FocalLength" value="18"/>
          <property name="Exif/FocalPlaneXResolution" value="225.518771479532"/>
          <property name="Exif/FocalPlaneYResolution" value="228.67729769073"/>
          <property name="Exif/ISOSpeedRatings" value="100"/>
          <property name="Exif/Make" value="Canon"/>
          <property name="Exif/Model" value="Canon EOS REBEL T3i"/>
          <property name="Exif/Orientation" value="1"/>
          <property name="Exif/ShutterSpeedValue" value="7"/>
          <property name="File/ImageHeight" value="3456"/>
          <property name="File/ImageWidth" value="5184"/>
          <property name="System/FileModifyDate" value="2018:06:13 15:03:28"/>
          <property name="System/FileSize" value="11446755"/>
        </meta>
      </photo>
    </camera>
    <camera camera_id="33">
      <photo path="../../../IMG_1099.JPG">
        <meta>
          <property name="Exif/ApertureValue" value="5.625"/>
          <property name="Exif/Artist" value=""/>
          <property name="Exif/DateTime" value="2018:03:04 15:38:12"/>
          <property name="Exif/DateTimeOriginal" value="2018:03:04 15:38:12"/>
          <property name="Exif/ExposureTime" value="0.008"/>
          <property name="Exif/FNumber" value="7.1"/>
          <property name="Exif/FocalLength" value="18"/>
          <property name="Exif/FocalPlaneXResolution" value="225.518771479532"/>
          <property name="Exif/FocalPlaneYResolution" value="228.67729769073"/>
          <property name="Exif/ISOSpeedRatings" value="100"/>
          <property name="Exif/Make" value="Canon"/>
          <property name="Exif/Model" value="Canon EOS REBEL T3i"/>
          <property name="Exif/Orientation" value="1"/>
          <property name="Exif/ShutterSpeedValue" value="7"/>
          <property name="File/ImageHeight" value="3456"/>
          <property name="File/ImageWidth" value="5184"/>
          <property name="System/FileModifyDate" value="2018:06:13 15:03:28"/>
          <property name="System/FileSize" value="13294599"/>
        </meta>
      </photo>
    </camera>
    <camera camera_id="34">
      <photo path="../../../IMG_1100.JPG">
        <meta>
          <property name="Exif/ApertureValue" value="6"/>
          <property name="Exif/Artist" value=""/>
          <property name="Exif/DateTime" value="2018:03:04 15:38:26"/>
          <property name="Exif/DateTimeOriginal" value="2018:03:04 15:38:26"/>
          <property name="Exif/ExposureTime" value="0.005"/>
          <property name="Exif/FNumber" value="8"/>
          <property name="Exif/FocalLength" value="18"/>
          <property name="Exif/FocalPlaneXResolution" value="225.518771479532"/>
          <property name="Exif/FocalPlaneYResolution" value="228.67729769073"/>
          <property name="Exif/ISOSpeedRatings" value="100"/>
          <property name="Exif/Make" value="Canon"/>
          <property name="Exif/Model" value="Canon EOS REBEL T3i"/>
          <property name="Exif/Orientation" value="8"/>
          <property name="Exif/ShutterSpeedValue" value="7.625"/>
          <property name="File/ImageHeight" value="3456"/>
          <property name="File/ImageWidth" value="5184"/>
          <property name="System/FileModifyDate" value="2018:06:13 15:03:28"/>
          <property name="System/FileSize" value="11421355"/>
        </meta>
      </photo>
    </camera>
    <camera camera_id="35">
      <photo path="../../../IMG_1101.JPG">
        <meta>
          <property name="Exif/ApertureValue" value="6.375"/>
          <property name="Exif/Artist" value=""/>
          <property name="Exif/DateTime" value="2018:03:04 15:38:30"/>
          <property name="Exif/DateTimeOriginal" value="2018:03:04 15:38:30"/>
          <property name="Exif/ExposureTime" value="0.005"/>
          <property name="Exif/FNumber" value="9"/>
          <property name="Exif/FocalLength" value="18"/>
          <property name="Exif/FocalPlaneXResolution" value="225.518771479532"/>
          <property name="Exif/FocalPlaneYResolution" value="228.67729769073"/>
          <property name="Exif/ISOSpeedRatings" value="100"/>
          <property name="Exif/Make" value="Canon"/>
          <property name="Exif/Model" value="Canon EOS REBEL T3i"/>
          <property name="Exif/Orientation" value="8"/>
          <property name="Exif/ShutterSpeedValue" value="7.625"/>
          <property name="File/ImageHeight" value="3456"/>
          <property name="File/ImageWidth" value="5184"/>
          <property name="System/FileModifyDate" value="2018:06:13 15:03:28"/>
          <property name="System/FileSize" value="10227585"/>
        </meta>
      </photo>
    </camera>
    <camera camera_id="36">
      <photo path="../../../IMG_1102.JPG">
        <meta>
          <property name="Exif/ApertureValue" value="6"/>
          <property name="Exif/Artist" value=""/>
          <property name="Exif/DateTime" value="2018:03:04 15:38:33"/>
          <property name="Exif/DateTimeOriginal" value="2018:03:04 15:38:33"/>
          <property name="Exif/ExposureTime" value="0.005"/>
          <property name="Exif/FNumber" value="8"/>
          <property name="Exif/FocalLength" value="18"/>
          <property name="Exif/FocalPlaneXResolution" value="225.518771479532"/>
          <property name="Exif/FocalPlaneYResolution" value="228.67729769073"/>
          <property name="Exif/ISOSpeedRatings" value="100"/>
          <property name="Exif/Make" value="Canon"/>
          <property name="Exif/Model" value="Canon EOS REBEL T3i"/>
          <property name="Exif/Orientation" value="8"/>
          <property name="Exif/ShutterSpeedValue" value="7.625"/>
          <property name="File/ImageHeight" value="3456"/>
          <property name="File/ImageWidth" value="5184"/>
          <property name="System/FileModifyDate" value="2018:06:13 15:03:28"/>
          <property name="System/FileSize" value="10438533"/>
        </meta>
      </photo>
    </camera>
    <camera camera_id="37">
      <photo path="../../../IMG_1103.JPG">
        <meta>
          <property name="Exif/ApertureValue" value="6"/>
          <property name="Exif/Artist" value=""/>
          <property name="Exif/DateTime" value="2018:03:04 15:38:37"/>
          <property name="Exif/DateTimeOriginal" value="2018:03:04 15:38:37"/>
          <property name="Exif/ExposureTime" value="0.00625"/>
          <property name="Exif/FNumber" value="8"/>
          <property name="Exif/FocalLength" value="18"/>
          <property name="Exif/FocalPlaneXResolution" value="225.518771479532"/>
          <property name="Exif/FocalPlaneYResolution" value="228.67729769073"/>
          <property name="Exif/ISOSpeedRatings" value="100"/>
          <property name="Exif/Make" value="Canon"/>
          <property name="Exif/Model" value="Canon EOS REBEL T3i"/>
          <property name="Exif/Orientation" value="8"/>
          <property name="Exif/ShutterSpeedValue" value="7.375"/>
          <property name="File/ImageHeight" value="3456"/>
          <property name="File/ImageWidth" value="5184"/>
          <property name="System/FileModifyDate" value="2018:06:13 15:03:28"/>
          <property name="System/FileSize" value="11349227"/>
        </meta>
      </photo>
    </camera>
    <camera camera_id="38">
      <photo path="../../../IMG_1104.JPG">
        <meta>
          <property name="Exif/ApertureValue" value="5.625"/>
          <property name="Exif/Artist" value=""/>
          <property name="Exif/DateTime" value="2018:03:04 15:38:41"/>
          <property name="Exif/DateTimeOriginal" value="2018:03:04 15:38:41"/>
          <property name="Exif/ExposureTime" value="0.008"/>
          <property name="Exif/FNumber" value="7.1"/>
          <property name="Exif/FocalLength" value="18"/>
          <property name="Exif/FocalPlaneXResolution" value="225.518771479532"/>
          <property name="Exif/FocalPlaneYResolution" value="228.67729769073"/>
          <property name="Exif/ISOSpeedRatings" value="100"/>
          <property name="Exif/Make" value="Canon"/>
          <property name="Exif/Model" value="Canon EOS REBEL T3i"/>
          <property name="Exif/Orientation" value="8"/>
          <property name="Exif/ShutterSpeedValue" value="7"/>
          <property name="File/ImageHeight" value="3456"/>
          <property name="File/ImageWidth" value="5184"/>
          <property name="System/FileModifyDate" value="2018:06:13 15:03:29"/>
          <property name="System/FileSize" value="10726124"/>
        </meta>
      </photo>
    </camera>
    <camera camera_id="39">
      <photo path="../../../IMG_1105.JPG">
        <meta>
          <property name="Exif/ApertureValue" value="5.375"/>
          <property name="Exif/Artist" value=""/>
          <property name="Exif/DateTime" value="2018:03:04 15:38:45"/>
          <property name="Exif/DateTimeOriginal" value="2018:03:04 15:38:45"/>
          <property name="Exif/ExposureTime" value="0.01"/>
          <property name="Exif/FNumber" value="6.3"/>
          <property name="Exif/FocalLength" value="18"/>
          <property name="Exif/FocalPlaneXResolution" value="225.518771479532"/>
          <property name="Exif/FocalPlaneYResolution" value="228.67729769073"/>
          <property name="Exif/ISOSpeedRatings" value="100"/>
          <property name="Exif/Make" value="Canon"/>
          <property name="Exif/Model" value="Canon EOS REBEL T3i"/>
          <property name="Exif/Orientation" value="8"/>
          <property name="Exif/ShutterSpeedValue" value="6.625"/>
          <property name="File/ImageHeight" value="3456"/>
          <property name="File/ImageWidth" value="5184"/>
          <property name="System/FileModifyDate" value="2018:06:13 15:03:29"/>
          <property name="System/FileSize" value="10894015"/>
        </meta>
      </photo>
    </camera>
    <camera camera_id="40">
      <photo path="../../../IMG_1106.JPG">
        <meta>
          <property name="Exif/ApertureValue" value="5.375"/>
          <property name="Exif/Artist" value=""/>
          <property name="Exif/DateTime" value="2018:03:04 15:38:49"/>
          <property name="Exif/DateTimeOriginal" value="2018:03:04 15:38:49"/>
          <property name="Exif/ExposureTime" value="0.01"/>
          <property name="Exif/FNumber" value="6.3"/>
          <property name="Exif/FocalLength" value="18"/>
          <property name="Exif/FocalPlaneXResolution" value="225.518771479532"/>
          <property name="Exif/FocalPlaneYResolution" value="228.67729769073"/>
          <property name="Exif/ISOSpeedRatings" value="100"/>
          <property name="Exif/Make" value="Canon"/>
          <property name="Exif/Model" value="Canon EOS REBEL T3i"/>
          <property name="Exif/Orientation" value="8"/>
          <property name="Exif/ShutterSpeedValue" value="6.625"/>
          <property name="File/ImageHeight" value="3456"/>
          <property name="File/ImageWidth" value="5184"/>
          <property name="System/FileModifyDate" value="2018:06:13 15:03:29"/>
          <property name="System/FileSize" value="12382910"/>
        </meta>
      </photo>
    </camera>
    <camera camera_id="41">
      <photo path="../../../IMG_1107.JPG">
        <meta>
          <property name="Exif/ApertureValue" value="5.375"/>
          <property name="Exif/Artist" value=""/>
          <property name="Exif/DateTime" value="2018:03:04 15:38:54"/>
          <property name="Exif/DateTimeOriginal" value="2018:03:04 15:38:54"/>
          <property name="Exif/ExposureTime" value="0.008"/>
          <property name="Exif/FNumber" value="6.3"/>
          <property name="Exif/FocalLength" value="18"/>
          <property name="Exif/FocalPlaneXResolution" value="225.518771479532"/>
          <property name="Exif/FocalPlaneYResolution" value="228.67729769073"/>
          <property name="Exif/ISOSpeedRatings" value="100"/>
          <property name="Exif/Make" value="Canon"/>
          <property name="Exif/Model" value="Canon EOS REBEL T3i"/>
          <property name="Exif/Orientation" value="8"/>
          <property name="Exif/ShutterSpeedValue" value="7"/>
          <property name="File/ImageHeight" value="3456"/>
          <property name="File/ImageWidth" value="5184"/>
          <property name="System/FileModifyDate" value="2018:06:13 15:03:29"/>
          <property name="System/FileSize" value="11081222"/>
        </meta>
      </photo>
    </camera>
    <camera camera_id="42">
      <photo path="../../../IMG_1108.JPG">
        <meta>
          <property name="Exif/ApertureValue" value="5.375"/>
          <property name="Exif/Artist" value=""/>
          <property name="Exif/DateTime" value="2018:03:04 15:38:57"/>
          <property name="Exif/DateTimeOriginal" value="2018:03:04 15:38:57"/>
          <property name="Exif/ExposureTime" value="0.008"/>
          <property name="Exif/FNumber" value="6.3"/>
          <property name="Exif/FocalLength" value="18"/>
          <property name="Exif/FocalPlaneXResolution" value="225.518771479532"/>
          <property name="Exif/FocalPlaneYResolution" value="228.67729769073"/>
          <property name="Exif/ISOSpeedRatings" value="100"/>
          <property name="Exif/Make" value="Canon"/>
          <property name="Exif/Model" value="Canon EOS REBEL T3i"/>
          <property name="Exif/Orientation" value="8"/>
          <property name="Exif/ShutterSpeedValue" value="7"/>
          <property name="File/ImageHeight" value="3456"/>
          <property name="File/ImageWidth" value="5184"/>
          <property name="System/FileModifyDate" value="2018:06:13 15:03:29"/>
          <property name="System/FileSize" value="10722550"/>
        </meta>
      </photo>
    </camera>
    <camera camera_id="43">
      <photo path="../../../IMG_1109.JPG">
        <meta>
          <property name="Exif/ApertureValue" value="5.375"/>
          <property name="Exif/Artist" value=""/>
          <property name="Exif/DateTime" value="2018:03:04 15:39:00"/>
          <property name="Exif/DateTimeOriginal" value="2018:03:04 15:39:00"/>
          <property name="Exif/ExposureTime" value="0.008"/>
          <property name="Exif/FNumber" value="6.3"/>
          <property name="Exif/FocalLength" value="18"/>
          <property name="Exif/FocalPlaneXResolution" value="225.518771479532"/>
          <property name="Exif/FocalPlaneYResolution" value="228.67729769073"/>
          <property name="Exif/ISOSpeedRatings" value="100"/>
          <property name="Exif/Make" value="Canon"/>
          <property name="Exif/Model" value="Canon EOS REBEL T3i"/>
          <property name="Exif/Orientation" value="8"/>
          <property name="Exif/ShutterSpeedValue" value="7"/>
          <property name="File/ImageHeight" value="3456"/>
          <property name="File/ImageWidth" value="5184"/>
          <property name="System/FileModifyDate" value="2018:06:13 15:03:29"/>
          <property name="System/FileSize" value="12727905"/>
        </meta>
      </photo>
    </camera>
    <camera camera_id="44">
      <photo path="../../../IMG_1110.JPG">
        <meta>
          <property name="Exif/ApertureValue" value="5.625"/>
          <property name="Exif/Artist" value=""/>
          <property name="Exif/DateTime" value="2018:03:04 15:39:03"/>
          <property name="Exif/DateTimeOriginal" value="2018:03:04 15:39:03"/>
          <property name="Exif/ExposureTime" value="0.008"/>
          <property name="Exif/FNumber" value="7.1"/>
          <property name="Exif/FocalLength" value="18"/>
          <property name="Exif/FocalPlaneXResolution" value="225.518771479532"/>
          <property name="Exif/FocalPlaneYResolution" value="228.67729769073"/>
          <property name="Exif/ISOSpeedRatings" value="100"/>
          <property name="Exif/Make" value="Canon"/>
          <property name="Exif/Model" value="Canon EOS REBEL T3i"/>
          <property name="Exif/Orientation" value="8"/>
          <property name="Exif/ShutterSpeedValue" value="7"/>
          <property name="File/ImageHeight" value="3456"/>
          <property name="File/ImageWidth" value="5184"/>
          <property name="System/FileModifyDate" value="2018:06:13 15:03:29"/>
          <property name="System/FileSize" value="10968937"/>
        </meta>
      </photo>
    </camera>
    <camera camera_id="45">
      <photo path="../../../IMG_1111.JPG">
        <meta>
          <property name="Exif/ApertureValue" value="6"/>
          <property name="Exif/Artist" value=""/>
          <property name="Exif/DateTime" value="2018:03:04 15:39:07"/>
          <property name="Exif/DateTimeOriginal" value="2018:03:04 15:39:07"/>
          <property name="Exif/ExposureTime" value="0.00625"/>
          <property name="Exif/FNumber" value="8"/>
          <property name="Exif/FocalLength" value="18"/>
          <property name="Exif/FocalPlaneXResolution" value="225.518771479532"/>
          <property name="Exif/FocalPlaneYResolution" value="228.67729769073"/>
          <property name="Exif/ISOSpeedRatings" value="100"/>
          <property name="Exif/Make" value="Canon"/>
          <property name="Exif/Model" value="Canon EOS REBEL T3i"/>
          <property name="Exif/Orientation" value="8"/>
          <property name="Exif/ShutterSpeedValue" value="7.375"/>
          <property name="File/ImageHeight" value="3456"/>
          <property name="File/ImageWidth" value="5184"/>
          <property name="System/FileModifyDate" value="2018:06:13 15:03:29"/>
          <property name="System/FileSize" value="11421789"/>
        </meta>
      </photo>
    </camera>
    <camera camera_id="46">
      <photo path="../../../IMG_1112.JPG">
        <meta>
          <property name="Exif/ApertureValue" value="6"/>
          <property name="Exif/Artist" value=""/>
          <property name="Exif/DateTime" value="2018:03:04 15:39:10"/>
          <property name="Exif/DateTimeOriginal" value="2018:03:04 15:39:10"/>
          <property name="Exif/ExposureTime" value="0.005"/>
          <property name="Exif/FNumber" value="8"/>
          <property name="Exif/FocalLength" value="18"/>
          <property name="Exif/FocalPlaneXResolution" value="225.518771479532"/>
          <property name="Exif/FocalPlaneYResolution" value="228.67729769073"/>
          <property name="Exif/ISOSpeedRatings" value="100"/>
          <property name="Exif/Make" value="Canon"/>
          <property name="Exif/Model" value="Canon EOS REBEL T3i"/>
          <property name="Exif/Orientation" value="8"/>
          <property name="Exif/ShutterSpeedValue" value="7.625"/>
          <property name="File/ImageHeight" value="3456"/>
          <property name="File/ImageWidth" value="5184"/>
          <property name="System/FileModifyDate" value="2018:06:13 15:03:30"/>
          <property name="System/FileSize" value="10372495"/>
        </meta>
      </photo>
    </camera>
    <camera camera_id="47">
      <photo path="../../../IMG_1113.JPG">
        <meta>
          <property name="Exif/ApertureValue" value="6"/>
          <property name="Exif/Artist" value=""/>
          <property name="Exif/DateTime" value="2018:03:04 15:39:14"/>
          <property name="Exif/DateTimeOriginal" value="2018:03:04 15:39:14"/>
          <property name="Exif/ExposureTime" value="0.005"/>
          <property name="Exif/FNumber" value="8"/>
          <property name="Exif/FocalLength" value="18"/>
          <property name="Exif/FocalPlaneXResolution" value="225.518771479532"/>
          <property name="Exif/FocalPlaneYResolution" value="228.67729769073"/>
          <property name="Exif/ISOSpeedRatings" value="100"/>
          <property name="Exif/Make" value="Canon"/>
          <property name="Exif/Model" value="Canon EOS REBEL T3i"/>
          <property name="Exif/Orientation" value="8"/>
          <property name="Exif/ShutterSpeedValue" value="7.625"/>
          <property name="File/ImageHeight" value="3456"/>
          <property name="File/ImageWidth" value="5184"/>
          <property name="System/FileModifyDate" value="2018:06:13 15:03:30"/>
          <property name="System/FileSize" value="11052678"/>
        </meta>
      </photo>
    </camera>
  </cameras>
  <thumbnails path="thumbnails/thumbnails.zip"/>
  <point_cloud path="point_cloud/point_cloud.zip"/>
  <dense_cloud path="dense_cloud/dense_cloud.zip"/>
  <model path="model/model.zip"/>
</frame>
